"season","yr","workingday","weathersit","temp","casual","registered","cnt","casual_pd","registered_pd","cnt_pd"
2,0,0,2,0.426667,0.525709219858156,0.243574935027433,0.352472089314195,0.489852043647895,0.330347099891918,0.398715241569144
3,0,1,1,0.776667,0.332446808510638,0.544181345654057,0.554410501778923,0.335863254970585,0.567266599704263,0.571186607005957
4,0,1,2,0.47,0.105496453900709,0.346375974588507,0.323518586676481,0.256477060343433,0.495398393826301,0.461486117381289
1,1,0,2,0.264167,0.169326241134752,0.350563095581865,0.344742976321924,0.30046182045966,0.35026489386181,0.315598548020755
2,1,1,2,0.573333,0.150709219858156,0.358215420155934,0.346092503987241,0.351764872081405,0.653524912844071,0.700558032416497
